year,month,fiscal week,id,business group,region,pred,actual,bias,abs_err
2021,7,30,001,Channel - Industrial,Asia Pacific & ANZ,72060.265625,84883.140625,-0.15106504,12822.875
2021,8,31,001,Channel - Industrial,Asia Pacific & ANZ,72277.6484375,75788.5078125,-0.04632443,3510.8594
2021,8,32,001,Channel - Industrial,Asia Pacific & ANZ,72201.359375,63662.3515625,0.13412963,8539.008
2021,8,33,001,Channel - Industrial,Asia Pacific & ANZ,71879.0,55018.421875,0.30645332,16860.578
2021,8,34,001,Channel - Industrial,Asia Pacific & ANZ,71649.4375,74274.859375,-0.035347383,2625.4219
2021,8,35,001,Channel - Industrial,Asia Pacific & ANZ,72067.90625,71523.9375,0.0076054083,543.96875
2021,9,36,001,Channel - Industrial,Asia Pacific & ANZ,72137.5078125,74274.859375,-0.028776245,2137.3516
2021,9,37,001,Channel - Industrial,Asia Pacific & ANZ,72251.609375,83919.96875,-0.13904151,11668.359
2021,9,38,001,Channel - Industrial,Asia Pacific & ANZ,72211.6484375,87916.1484375,-0.17863044,15704.5
2021,9,39,001,Channel - Industrial,Asia Pacific & ANZ,72298.5703125,75927.59375,-0.047795843,3629.0234
2021,10,40,001,Channel - Industrial,Asia Pacific & ANZ,72069.40625,67935.2109375,0.06085497,4134.1953
2021,10,41,001,Channel - Industrial,Asia Pacific & ANZ,71770.3125,83919.96875,-0.1447767,12149.656
2021,10,42,001,Channel - Industrial,Asia Pacific & ANZ,72040.1171875,62778.9609375,0.14752007,9261.156
2021,10,43,001,Channel - Industrial,Asia Pacific & ANZ,70498.8671875,60267.80859375,0.16975993,10231.059
2021,11,44,001,Channel - Industrial,Asia Pacific & ANZ,69732.1796875,57756.6484375,0.20734464,11975.531
2021,11,45,001,Channel - Industrial,Asia Pacific & ANZ,69062.453125,70312.4375,-0.017777571,1249.9844
2021,11,46,001,Channel - Industrial,Asia Pacific & ANZ,69013.078125,67475.3515625,0.022789456,1537.7266
2021,11,47,001,Channel - Industrial,Asia Pacific & ANZ,69216.6640625,82810.6484375,-0.16415745,13593.984
2021,11,48,001,Channel - Industrial,Asia Pacific & ANZ,69817.0625,76676.53125,-0.08945982,6859.4688
2021,12,49,001,Channel - Industrial,Asia Pacific & ANZ,69859.203125,82810.6484375,-0.15639831,12951.445
2021,12,50,001,Channel - Industrial,Asia Pacific & ANZ,70169.3671875,67709.5703125,0.036328644,2459.7969
2021,12,51,001,Channel - Industrial,Asia Pacific & ANZ,70433.890625,83641.2265625,-0.15790462,13207.336
2021,12,52,001,Channel - Industrial,Asia Pacific & ANZ,71069.828125,83641.2265625,-0.15030146,12571.398
2022,1,1,001,Channel - Industrial,Asia Pacific & ANZ,71330.5625,79658.3203125,-0.10454348,8327.758
2022,1,2,001,Channel - Industrial,Asia Pacific & ANZ,71396.6953125,83641.2265625,-0.1463935,12244.531
2022,1,3,001,Channel - Industrial,Asia Pacific & ANZ,71574.765625,53555.1796875,0.33646765,18019.586
2022,1,4,001,Channel - Industrial,Asia Pacific & ANZ,68692.125,60858.16015625,0.12872498,7833.965
2022,2,5,001,Channel - Industrial,Asia Pacific & ANZ,67495.65625,55989.51171875,0.20550536,11506.145
2022,2,6,001,Channel - Industrial,Asia Pacific & ANZ,66630.8671875,73029.7890625,-0.087620705,6398.922
2022,2,7,001,Channel - Industrial,Asia Pacific & ANZ,66007.6953125,64788.28125,0.018821523,1219.4141
2022,2,8,001,Channel - Industrial,Asia Pacific & ANZ,66024.796875,73623.0390625,-0.10320468,7598.242
2022,2,9,001,Channel - Industrial,Asia Pacific & ANZ,66554.828125,73623.0390625,-0.096005425,7068.211
2022,3,10,001,Channel - Industrial,Asia Pacific & ANZ,66962.7421875,79512.890625,-0.15783791,12550.148
2022,3,11,001,Channel - Industrial,Asia Pacific & ANZ,67469.6796875,46792.94140625,0.4418773,20676.738
2022,3,12,001,Channel - Industrial,Asia Pacific & ANZ,67505.75,49392.55078125,0.36671925,18113.2
2022,3,13,001,Channel - Industrial,Asia Pacific & ANZ,67823.7578125,49392.55078125,0.37315762,18431.207
2022,4,14,001,Channel - Industrial,Asia Pacific & ANZ,67998.0234375,54591.76171875,0.24557298,13406.262
2022,4,15,001,Channel - Industrial,Asia Pacific & ANZ,68382.5625,59790.98046875,0.14369361,8591.582
2022,4,16,001,Channel - Industrial,Asia Pacific & ANZ,68816.109375,50581.8203125,0.36049095,18234.29
2022,4,17,001,Channel - Industrial,Asia Pacific & ANZ,67468.9453125,58169.08984375,0.15987624,9299.855
2022,5,18,001,Channel - Industrial,Asia Pacific & ANZ,67082.015625,63227.26953125,0.06096651,3854.746
2022,5,19,001,Channel - Industrial,Asia Pacific & ANZ,66851.046875,80930.90625,-0.17397383,14079.859
2022,5,20,001,Channel - Industrial,Asia Pacific & ANZ,67018.7578125,32454.5390625,1.0650041,34564.22
2022,5,21,001,Channel - Industrial,Asia Pacific & ANZ,66311.4765625,38636.3515625,0.71629757,27675.125
2022,5,22,001,Channel - Industrial,Asia Pacific & ANZ,66134.5625,40181.80859375,0.64588314,25952.754
2022,6,23,001,Channel - Industrial,Asia Pacific & ANZ,66032.75,43272.7109375,0.5259675,22760.04
2022,6,24,001,Channel - Industrial,Asia Pacific & ANZ,66021.421875,48975.171875,0.348059,17046.25
2022,6,25,001,Channel - Industrial,Asia Pacific & ANZ,65496.66015625,48975.171875,0.33734417,16521.488
2022,6,26,001,Channel - Industrial,Asia Pacific & ANZ,65092.12109375,54130.4609375,0.20250447,10961.66
2022,7,27,001,Channel - Industrial,Asia Pacific & ANZ,64775.71484375,46397.53125,0.3961026,18378.184
2022,7,28,001,Channel - Industrial,Asia Pacific & ANZ,64592.99609375,56708.1015625,0.13904352,7884.8945
2022,7,29,001,Channel - Industrial,Asia Pacific & ANZ,64352.58984375,36427.73046875,0.7665825,27924.86
2022,7,30,001,Channel - Industrial,Asia Pacific & ANZ,63941.33203125,50304.9609375,0.2710741,13636.371
2022,8,31,001,Channel - Industrial,Asia Pacific & ANZ,64500.76171875,48570.30859375,0.3279875,15930.453
2022,8,32,001,Channel - Industrial,Asia Pacific & ANZ,65094.6640625,39897.0390625,0.6315663,25197.625
2022,8,33,001,Channel - Industrial,Asia Pacific & ANZ,65382.43359375,32803.03125,0.99318266,32579.402
2022,8,34,001,Channel - Industrial,Asia Pacific & ANZ,65371.3984375,61505.69140625,0.062851205,3865.707
2022,8,35,001,Channel - Industrial,Asia Pacific & ANZ,65771.7734375,55355.12109375,0.18817866,10416.652
2022,9,36,001,Channel - Industrial,Asia Pacific & ANZ,65929.609375,55355.12109375,0.19103,10574.488
2022,9,37,001,Channel - Industrial,Asia Pacific & ANZ,66078.25,37629.37109375,0.75602853,28448.879
2022,9,38,001,Channel - Industrial,Asia Pacific & ANZ,66986.5859375,35747.8984375,0.87386084,31238.688
2022,9,39,001,Channel - Industrial,Asia Pacific & ANZ,67410.6015625,35747.8984375,0.8857221,31662.703
2022,10,40,001,Channel - Industrial,Asia Pacific & ANZ,67770.5546875,35747.8984375,0.8957913,32022.656
2022,10,41,001,Channel - Industrial,Asia Pacific & ANZ,68020.546875,41392.30078125,0.643314,26628.246
2022,10,42,001,Channel - Industrial,Asia Pacific & ANZ,68643.0234375,35270.6015625,0.94618237,33372.42
2022,10,43,001,Channel - Industrial,Asia Pacific & ANZ,66425.34375,35270.6015625,0.8833062,31154.742
2022,11,44,001,Channel - Industrial,Asia Pacific & ANZ,65734.2421875,38477.01953125,0.70840263,27257.223
2022,11,45,001,Channel - Industrial,Asia Pacific & ANZ,65261.3671875,52905.8984375,0.23353669,12355.469
2022,11,46,001,Channel - Industrial,Asia Pacific & ANZ,64886.09375,34436.69921875,0.8842135,30449.395
2022,11,47,001,Channel - Industrial,Asia Pacific & ANZ,64516.19921875,35814.171875,0.8014154,28702.027
2022,11,48,001,Channel - Industrial,Asia Pacific & ANZ,64720.859375,30304.30078125,1.1356988,34416.56
2022,12,49,001,Channel - Industrial,Asia Pacific & ANZ,64875.6015625,35814.171875,0.81145054,29061.43
2022,12,50,001,Channel - Industrial,Asia Pacific & ANZ,65005.3828125,37206.73828125,0.74714005,27798.645
2022,12,51,001,Channel - Industrial,Asia Pacific & ANZ,65297.46484375,45961.26953125,0.4207063,19336.195
2022,12,52,001,Channel - Industrial,Asia Pacific & ANZ,65885.65625,48149.8984375,0.36834466,17735.758
2022,12,53,001,Channel - Industrial,Asia Pacific & ANZ,66390.5,43772.640625,0.51671225,22617.86
key,all_pred_acc,all_pred_bias,monthly_acc,monthly_bias
"('001', 'Asia Pacific & ANZ', 'Channel - Industrial')",0.7259188890457153,0.18548431992530823,0.765140175819397,0.16289518773555756
2021,7,30,002,Channel - Industrial,Americas,56439.83984375,56083.8203125,0.00634799,356.01953
2021,8,31,002,Channel - Industrial,Americas,56730.44140625,50074.83984375,0.13291308,6655.6016
2021,8,32,002,Channel - Industrial,Americas,56600.0625,42062.859375,0.34560663,14537.203
2021,8,33,002,Channel - Industrial,Americas,56203.203125,41658.5390625,0.34914005,14544.664
2021,8,34,002,Channel - Industrial,Americas,56000.5859375,56239.03125,-0.0042398544,238.44531
2021,8,35,002,Channel - Industrial,Americas,56556.66796875,54156.1015625,0.044326793,2400.5664
2021,9,36,002,Channel - Industrial,Americas,56622.73828125,56239.03125,0.0068227886,383.70703
2021,9,37,002,Channel - Industrial,Americas,56794.296875,52602.12109375,0.07969595,4192.176
2021,9,38,002,Channel - Industrial,Americas,56691.44140625,55106.98046875,0.028752454,1584.4609
2021,9,39,002,Channel - Industrial,Americas,56787.4140625,47592.390625,0.19320364,9195.023
2021,10,40,002,Channel - Industrial,Americas,56481.5390625,42582.66015625,0.32639763,13898.879
2021,10,41,002,Channel - Industrial,Americas,56139.1171875,52602.12109375,0.06724056,3536.996
2021,10,42,002,Channel - Industrial,Americas,56435.83984375,59695.25,-0.05460083,3259.4102
2021,10,43,002,Channel - Industrial,Americas,56976.03515625,57307.44140625,-0.005782953,331.40625
2021,11,44,002,Channel - Industrial,Americas,57102.22265625,54919.62890625,0.039741598,2182.5938
2021,11,45,002,Channel - Industrial,Americas,57130.73828125,66858.671875,-0.14549996,9727.934
2021,11,46,002,Channel - Industrial,Americas,57545.8515625,67046.59375,-0.14170358,9500.742
2021,11,47,002,Channel - Industrial,Americas,57568.6875,82284.453125,-0.3003698,24715.766
2021,11,48,002,Channel - Industrial,Americas,57927.59765625,76189.3125,-0.23968866,18261.715
2021,12,49,002,Channel - Industrial,Americas,57972.35546875,82284.453125,-0.29546404,24312.098
2021,12,50,002,Channel - Industrial,Americas,58123.78515625,47277.94140625,0.22940601,10845.844
2021,12,51,002,Channel - Industrial,Americas,57481.6953125,58402.16015625,-0.015760802,920.46484
2021,12,52,002,Channel - Industrial,Americas,57632.96875,58402.16015625,-0.013170599,769.1914
2022,1,1,002,Channel - Industrial,Americas,57598.1875,55621.109375,0.035545465,1977.0781
2022,1,2,002,Channel - Industrial,Americas,57488.734375,58402.16015625,-0.015640274,913.4258
2022,1,3,002,Channel - Industrial,Americas,57530.953125,49353.8984375,0.16568205,8177.0547
2022,1,4,002,Channel - Industrial,Americas,57061.046875,56083.98046875,0.017421488,977.0664
2022,2,5,002,Channel - Industrial,Americas,57132.62109375,51597.26171875,0.1072801,5535.3594
2022,2,6,002,Channel - Industrial,Americas,56905.5703125,67300.7734375,-0.1544589,10395.203
2022,2,7,002,Channel - Industrial,Americas,57357.76953125,37552.421875,0.5274053,19805.348
2022,2,8,002,Channel - Industrial,Americas,56385.671875,42673.19921875,0.32133687,13712.473
2022,2,9,002,Channel - Industrial,Americas,56272.14453125,42673.19921875,0.3186765,13598.945
2022,3,10,002,Channel - Industrial,Americas,56112.06640625,46087.05859375,0.21752328,10025.008
2022,3,11,002,Channel - Industrial,Americas,56167.66796875,48910.8515625,0.14836822,7256.8164
2022,3,12,002,Channel - Industrial,Americas,56470.62109375,51628.12109375,0.093795784,4842.5
2022,3,13,002,Channel - Industrial,Americas,56734.88671875,51628.12109375,0.09891442,5106.7656
2022,4,14,002,Channel - Industrial,Americas,56865.5,57062.66015625,-0.0034551518,197.16016
2022,4,15,002,Channel - Industrial,Americas,57177.5625,62497.19921875,-0.085118,5319.6367
2022,4,16,002,Channel - Industrial,Americas,57474.671875,48999.48828125,0.17296474,8475.184
2022,4,17,002,Channel - Industrial,Americas,57203.1640625,56349.421875,0.01515086,853.7422
2022,5,18,002,Channel - Industrial,Americas,57433.4609375,61249.37109375,-0.062301215,3815.9102
2022,5,19,002,Channel - Industrial,Americas,57633.6640625,78399.1875,-0.26486912,20765.523
2022,5,20,002,Channel - Industrial,Americas,58045.89453125,43672.87109375,0.32910645,14373.023
2022,5,21,002,Channel - Industrial,Americas,57149.140625,51991.51953125,0.0992012,5157.621
2022,5,22,002,Channel - Industrial,Americas,57123.08984375,54071.1796875,0.056442454,3051.9102
2022,6,23,002,Channel - Industrial,Americas,57056.3046875,58230.5,-0.020164609,1174.1953
2022,6,24,002,Channel - Industrial,Americas,57137.3828125,41232.62109375,0.3857325,15904.762
2022,6,25,002,Channel - Industrial,Americas,56576.36328125,41232.62109375,0.37212628,15343.742
2022,6,26,002,Channel - Industrial,Americas,56378.125,45572.890625,0.23709784,10805.234
2022,7,27,002,Channel - Industrial,Americas,56479.73828125,39062.48046875,0.44588202,17417.258
2022,7,28,002,Channel - Industrial,Americas,56111.12109375,47743.03125,0.17527354,8368.09
2022,7,29,002,Channel - Industrial,Americas,56454.95703125,44365.1015625,0.27250823,12089.855
2022,7,30,002,Channel - Industrial,Americas,55952.859375,61266.08984375,-0.08672384,5313.2305
2022,8,31,002,Channel - Industrial,Americas,56396.6171875,59153.4609375,-0.046604943,2756.8438
2022,8,32,002,Channel - Industrial,Americas,56395.05078125,48590.33984375,0.16062269,7804.711
2022,8,33,002,Channel - Industrial,Americas,56026.08203125,37563.0390625,0.49152154,18463.043
2022,8,34,002,Channel - Industrial,Americas,55471.93359375,70430.703125,-0.21238989,14958.77
2022,8,35,002,Channel - Industrial,Americas,55910.65625,63387.62890625,-0.11795634,7476.9727
2022,9,36,002,Channel - Industrial,Americas,55753.01953125,63387.62890625,-0.12044321,7634.6094
2022,9,37,002,Channel - Industrial,Americas,55725.375,57748.58984375,-0.03503488,2023.2148
2022,9,38,002,Channel - Industrial,Americas,55871.0859375,54861.16015625,0.018408757,1009.9258
2022,9,39,002,Channel - Industrial,Americas,55925.4609375,54861.16015625,0.019399896,1064.3008
2022,10,40,002,Channel - Industrial,Americas,56001.9296875,54861.16015625,0.020793755,1140.7695
2022,10,41,002,Channel - Industrial,Americas,56058.7265625,63523.44921875,-0.117511295,7464.7227
2022,10,42,002,Channel - Industrial,Americas,56411.4765625,46755.2890625,0.2065261,9656.1875
2022,10,43,002,Channel - Industrial,Americas,56020.703125,46755.2890625,0.19816825,9265.414
2022,11,44,002,Channel - Industrial,Americas,55931.76953125,51005.76953125,0.09657731,4926.0
2022,11,45,002,Channel - Industrial,Americas,56039.20703125,70132.9296875,-0.20095728,14093.723
2022,11,46,002,Channel - Industrial,Americas,56753.5078125,54408.69921875,0.043096207,2344.8086
2022,11,47,002,Channel - Industrial,Americas,56734.49609375,56585.05078125,0.0026410741,149.44531
2022,11,48,002,Channel - Industrial,Americas,56939.44921875,47879.66015625,0.18922,9059.789
2022,12,49,002,Channel - Industrial,Americas,56669.765625,56585.05078125,0.0014971241,84.71484
2022,12,50,002,Channel - Industrial,Americas,56988.296875,37057.26171875,0.53784424,19931.035
2022,12,51,002,Channel - Industrial,Americas,56043.53125,45776.62109375,0.22428283,10266.91
2022,12,52,002,Channel - Industrial,Americas,55974.1953125,47956.4609375,0.16718778,8017.7344
2022,12,53,002,Channel - Industrial,Americas,55925.93359375,43596.78125,0.2827996,12329.152
key,all_pred_acc,all_pred_bias,monthly_acc,monthly_bias
"('002', 'Americas', 'Channel - Industrial')",0.8540052175521851,0.05028994008898735,0.9149389266967773,0.04484938085079193
2021,7,30,002,Channel - Industrial,Asia Pacific & ANZ,16309.5537109375,15872.169921875,0.027556647,437.3838
2021,8,31,002,Channel - Industrial,Asia Pacific & ANZ,16362.4267578125,14171.580078125,0.15459438,2190.8467
2021,8,32,002,Channel - Industrial,Asia Pacific & ANZ,16334.455078125,11904.1298828125,0.37216708,4430.325
2021,8,33,002,Channel - Industrial,Asia Pacific & ANZ,16252.9111328125,18624.130859375,-0.12731975,2371.2197
2021,8,34,002,Channel - Industrial,Asia Pacific & ANZ,16250.5654296875,25142.5703125,-0.35366333,8892.005
2021,8,35,002,Channel - Industrial,Asia Pacific & ANZ,16326.9912109375,24211.369140625,-0.32564774,7884.378
2021,9,36,002,Channel - Industrial,Asia Pacific & ANZ,16328.5673828125,25142.5703125,-0.35056093,8814.003
2021,9,37,002,Channel - Industrial,Asia Pacific & ANZ,16355.5380859375,14271.419921875,0.14603439,2084.1182
2021,9,38,002,Channel - Industrial,Asia Pacific & ANZ,16332.5908203125,14951.009765625,0.092407204,1381.581
2021,9,39,002,Channel - Industrial,Asia Pacific & ANZ,16381.2763671875,12912.240234375,0.2686626,3469.0361
2021,10,40,002,Channel - Industrial,Asia Pacific & ANZ,16332.6728515625,11553.0498046875,0.41371092,4779.623
2021,10,41,002,Channel - Industrial,Asia Pacific & ANZ,16263.3994140625,14271.419921875,0.13957822,1991.9795
2021,10,42,002,Channel - Industrial,Asia Pacific & ANZ,16320.921875,17272.7890625,-0.055107903,951.8672
2021,10,43,002,Channel - Industrial,Asia Pacific & ANZ,16351.5458984375,16581.880859375,-0.013890762,230.33496
2021,11,44,002,Channel - Industrial,Asia Pacific & ANZ,16338.5703125,15890.9697265625,0.028166978,447.6006
2021,11,45,002,Channel - Industrial,Asia Pacific & ANZ,16315.35546875,19345.529296875,-0.15663432,3030.1738
2021,11,46,002,Channel - Industrial,Asia Pacific & ANZ,16394.060546875,16625.4609375,-0.013918434,231.40039
2021,11,47,002,Channel - Industrial,Asia Pacific & ANZ,16368.3330078125,20403.970703125,-0.19778688,4035.6377
2021,11,48,002,Channel - Industrial,Asia Pacific & ANZ,16465.388671875,18892.5703125,-0.1284728,2427.1816
2021,12,49,002,Channel - Industrial,Asia Pacific & ANZ,16470.80078125,20403.970703125,-0.19276492,3933.17
2021,12,50,002,Channel - Industrial,Asia Pacific & ANZ,16521.92578125,15553.08984375,0.062292185,968.83594
2021,12,51,002,Channel - Industrial,Asia Pacific & ANZ,16452.99609375,19212.640625,-0.14363693,2759.6445
2021,12,52,002,Channel - Industrial,Asia Pacific & ANZ,16529.9609375,19212.640625,-0.13963097,2682.6797
2022,1,1,002,Channel - Industrial,Asia Pacific & ANZ,16553.11328125,18297.75,-0.09534706,1744.6367
2022,1,2,002,Channel - Industrial,Asia Pacific & ANZ,16548.134765625,19212.640625,-0.13868505,2664.5059
2022,1,3,002,Channel - Industrial,Asia Pacific & ANZ,16573.1796875,23542.140625,-0.2960207,6968.961
2022,1,4,002,Channel - Industrial,Asia Pacific & ANZ,16684.263671875,26752.4296875,-0.37634584,10068.166
2022,2,5,002,Channel - Industrial,Asia Pacific & ANZ,16783.392578125,24612.240234375,-0.31808758,7828.8477
2022,2,6,002,Channel - Industrial,Asia Pacific & ANZ,16794.01171875,32102.919921875,-0.47686964,15308.908
2022,2,7,002,Channel - Industrial,Asia Pacific & ANZ,16915.82421875,23188.720703125,-0.270515,6272.8965
2022,2,8,002,Channel - Industrial,Asia Pacific & ANZ,16828.888671875,26350.8203125,-0.36135238,9521.932
2022,2,9,002,Channel - Industrial,Asia Pacific & ANZ,16865.833984375,26350.8203125,-0.35995033,9484.986
2022,3,10,002,Channel - Industrial,Asia Pacific & ANZ,16872.25390625,28458.880859375,-0.40713573,11586.627
2022,3,11,002,Channel - Industrial,Asia Pacific & ANZ,16906.0703125,20887.4609375,-0.19061151,3981.3906
2022,3,12,002,Channel - Industrial,Asia Pacific & ANZ,16827.27734375,22047.869140625,-0.23678441,5220.592
2022,3,13,002,Channel - Industrial,Asia Pacific & ANZ,16828.1875,22047.869140625,-0.23674314,5219.6816
2022,4,14,002,Channel - Industrial,Asia Pacific & ANZ,16822.1484375,24368.69921875,-0.30968213,7546.551
2022,4,15,002,Channel - Industrial,Asia Pacific & ANZ,16858.375,26689.529296875,-0.36835247,9831.154
2022,4,16,002,Channel - Industrial,Asia Pacific & ANZ,16903.8515625,24881.919921875,-0.32063717,7978.0684
2022,4,17,002,Channel - Industrial,Asia Pacific & ANZ,16843.337890625,28614.2109375,-0.4113646,11770.873
2022,5,18,002,Channel - Industrial,Asia Pacific & ANZ,16882.330078125,31102.400390625,-0.4572017,14220.07
2022,5,19,002,Channel - Industrial,Asia Pacific & ANZ,16920.470703125,39811.078125,-0.57498085,22890.607
2022,5,20,002,Channel - Industrial,Asia Pacific & ANZ,17011.5078125,12537.400390625,0.35686085,4474.1074
2022,5,21,002,Channel - Industrial,Asia Pacific & ANZ,16729.822265625,14925.4697265625,0.12089084,1804.3525
2022,5,22,002,Channel - Industrial,Asia Pacific & ANZ,16727.52734375,15522.490234375,0.07763169,1205.0371
2022,6,23,002,Channel - Industrial,Asia Pacific & ANZ,16714.7265625,16716.529296875,-0.00010784143,1.8027344
2022,6,24,002,Channel - Industrial,Asia Pacific & ANZ,16730.634765625,13255.099609375,0.26220363,3475.5352
2022,6,25,002,Channel - Industrial,Asia Pacific & ANZ,16454.451171875,13255.099609375,0.2413676,3199.3516
2022,6,26,002,Channel - Industrial,Asia Pacific & ANZ,16290.72265625,14650.3701171875,0.111966625,1640.3525
2022,7,27,002,Channel - Industrial,Asia Pacific & ANZ,16196.1884765625,12557.4599609375,0.28976628,3638.7285
2022,7,28,002,Channel - Industrial,Asia Pacific & ANZ,16079.021484375,15348.009765625,0.04762909,731.0117
2022,7,29,002,Channel - Industrial,Asia Pacific & ANZ,16053.2421875,9127.5498046875,0.75876796,6925.6924
2022,7,30,002,Channel - Industrial,Asia Pacific & ANZ,15970.5576171875,12604.7099609375,0.26703095,3365.8477
2022,8,31,002,Channel - Industrial,Asia Pacific & ANZ,16066.0693359375,12170.0703125,0.32012954,3895.999
2022,8,32,002,Channel - Industrial,Asia Pacific & ANZ,16100.70703125,9996.83984375,0.61057967,6103.867
2022,8,33,002,Channel - Industrial,Asia Pacific & ANZ,16056.5849609375,11349.9501953125,0.41468328,4706.635
2022,8,34,002,Channel - Industrial,Asia Pacific & ANZ,16068.419921875,21281.16015625,-0.24494624,5212.74
2022,8,35,002,Channel - Industrial,Asia Pacific & ANZ,16365.3115234375,19153.0390625,-0.14555015,2787.7275
2022,9,36,002,Channel - Industrial,Asia Pacific & ANZ,16437.845703125,19153.0390625,-0.14176306,2715.1934
2022,9,37,002,Channel - Industrial,Asia Pacific & ANZ,16503.359375,10199.3603515625,0.6180779,6303.999
2022,9,38,002,Channel - Industrial,Asia Pacific & ANZ,16293.880859375,9689.3896484375,0.68162096,6604.491
2022,9,39,002,Channel - Industrial,Asia Pacific & ANZ,16188.6015625,9689.3896484375,0.67075557,6499.212
2022,10,40,002,Channel - Industrial,Asia Pacific & ANZ,16114.716796875,9689.3896484375,0.6631302,6425.327
2022,10,41,002,Channel - Industrial,Asia Pacific & ANZ,16063.806640625,11219.2900390625,0.43180242,4844.5166
2022,10,42,002,Channel - Industrial,Asia Pacific & ANZ,16074.45703125,25500.26953125,-0.3696358,9425.8125
2022,10,43,002,Channel - Industrial,Asia Pacific & ANZ,16547.67578125,25500.26953125,-0.3510784,8952.594
2022,11,44,002,Channel - Industrial,Asia Pacific & ANZ,16715.83203125,27818.470703125,-0.39911032,11102.639
2022,11,45,002,Channel - Industrial,Asia Pacific & ANZ,16842.6015625,38250.3984375,-0.55967516,21407.797
2022,11,46,002,Channel - Industrial,Asia Pacific & ANZ,16994.05859375,12052.0595703125,0.41005433,4941.999
2022,11,47,002,Channel - Industrial,Asia Pacific & ANZ,16629.75,12534.1396484375,0.3267564,4095.6104
2022,11,48,002,Channel - Industrial,Asia Pacific & ANZ,16502.0859375,10605.8095703125,0.5559478,5896.2764
2022,12,49,002,Channel - Industrial,Asia Pacific & ANZ,16327.5927734375,12534.1396484375,0.30264965,3793.4531
2022,12,50,002,Channel - Industrial,Asia Pacific & ANZ,16262.396484375,6254.7001953125,1.6000282,10007.696
2022,12,51,002,Channel - Industrial,Asia Pacific & ANZ,16013.5546875,7726.39990234375,1.0725764,8287.154
2022,12,52,002,Channel - Industrial,Asia Pacific & ANZ,15889.3388671875,8094.31982421875,0.96302336,7795.019
2022,12,53,002,Channel - Industrial,Asia Pacific & ANZ,15813.1220703125,7358.47021484375,1.1489687,8454.652
key,all_pred_acc,all_pred_bias,monthly_acc,monthly_bias
"('002', 'Asia Pacific & ANZ', 'Channel - Industrial')",0.6875096559524536,-0.09322917461395264,0.7768769860267639,-0.11040572077035904
2021,7,30,013,Channel - Industrial,Americas,53470.0703125,48240.55859375,0.108404875,5229.5117
2021,8,31,013,Channel - Industrial,Americas,53593.734375,43071.9296875,0.2442845,10521.805
2021,8,32,013,Channel - Industrial,Americas,53502.16015625,36180.421875,0.47875997,17321.738
2021,8,33,013,Channel - Industrial,Americas,53288.4375,42825.69921875,0.24430981,10462.738
2021,8,34,013,Channel - Industrial,Americas,53598.38671875,57814.69140625,-0.072927915,4216.3047
2021,8,35,013,Channel - Industrial,Americas,54106.58203125,55673.41015625,-0.028143203,1566.8281
2021,9,36,013,Channel - Industrial,Americas,54288.46484375,57814.69140625,-0.060991876,3526.2266
2021,9,37,013,Channel - Industrial,Americas,54449.62109375,55109.19921875,-0.011968567,659.5781
2021,9,38,013,Channel - Industrial,Americas,54643.9453125,57733.44921875,-0.05351324,3089.504
2021,9,39,013,Channel - Industrial,Americas,54763.296875,49860.7109375,0.09832563,4902.586
2021,10,40,013,Channel - Industrial,Americas,54752.88671875,44612.2109375,0.22730719,10140.676
2021,10,41,013,Channel - Industrial,Americas,54686.0234375,55109.19921875,-0.0076788594,423.17578
2021,10,42,013,Channel - Industrial,Americas,54779.29296875,50214.0703125,0.09091521,4565.2227
2021,10,43,013,Channel - Industrial,Americas,54635.1015625,48205.51171875,0.13337873,6429.59
2021,11,44,013,Channel - Industrial,Americas,54542.796875,46196.94921875,0.18065798,8345.848
2021,11,45,013,Channel - Industrial,Americas,54444.15234375,56239.76171875,-0.031927757,1795.6094
2021,11,46,013,Channel - Industrial,Americas,54569.7421875,44270.83984375,0.232634,10298.902
2021,11,47,013,Channel - Industrial,Americas,54126.2421875,54332.3984375,-0.003794352,206.15625
2021,11,48,013,Channel - Industrial,Americas,54183.52734375,50307.78125,0.07704069,3875.746
2021,12,49,013,Channel - Industrial,Americas,54054.49609375,54332.3984375,-0.0051148552,277.90234
2021,12,50,013,Channel - Industrial,Americas,54092.78515625,43236.30078125,0.25109652,10856.484
2021,12,51,013,Channel - Industrial,Americas,53970.140625,53409.55078125,0.010496059,560.58984
2021,12,52,013,Channel - Industrial,Americas,54177.04296875,53409.55078125,0.014369943,767.4922
2022,1,1,013,Channel - Industrial,Americas,54241.93359375,50866.23828125,0.06636416,3375.6953
2022,1,2,013,Channel - Industrial,Americas,54231.14453125,53409.55078125,0.0153829,821.59375
2022,1,3,013,Channel - Industrial,Americas,54296.9453125,47625.3984375,0.1400838,6671.547
2022,1,4,013,Channel - Industrial,Americas,54353.57421875,54119.76953125,0.0043201344,233.80469
2022,2,5,013,Channel - Industrial,Americas,54491.76953125,49790.19140625,0.094427794,4701.578
2022,2,6,013,Channel - Industrial,Americas,54479.1015625,64943.73046875,-0.16113378,10464.629
2022,2,7,013,Channel - Industrial,Americas,54715.58984375,39669.01953125,0.3793028,15046.57
2022,2,8,013,Channel - Industrial,Americas,54328.58984375,45078.4296875,0.20520148,9250.16
2022,2,9,013,Channel - Industrial,Americas,54304.8125,45078.4296875,0.204674,9226.383
2022,3,10,013,Channel - Industrial,Americas,54240.37109375,48684.69921875,0.11411536,5555.672
2022,3,11,013,Channel - Industrial,Americas,54284.5390625,53612.44921875,0.012536078,672.08984
2022,3,12,013,Channel - Industrial,Americas,54140.328125,56590.921875,-0.043303654,2450.5938
2022,3,13,013,Channel - Industrial,Americas,54175.34765625,56590.921875,-0.042684834,2415.5742
2022,4,14,013,Channel - Industrial,Americas,54181.23046875,62547.859375,-0.13376363,8366.629
2022,4,15,013,Channel - Industrial,Americas,54310.8125,68504.796875,-0.20719694,14193.984
2022,4,16,013,Channel - Industrial,Americas,54471.63671875,44932.76171875,0.21229221,9538.875
2022,4,17,013,Channel - Industrial,Americas,54150.26171875,51672.671875,0.04794778,2477.5898
2022,5,18,013,Channel - Industrial,Americas,54194.91015625,56165.94140625,-0.035093,1971.0312
2022,5,19,013,Channel - Industrial,Americas,54273.8828125,71892.40625,-0.24506794,17618.523
2022,5,20,013,Channel - Industrial,Americas,54580.08203125,50572.12890625,0.07925221,4007.9531
2022,5,21,013,Channel - Industrial,Americas,54395.71484375,60204.921875,-0.09649057,5809.207
2022,5,22,013,Channel - Industrial,Americas,54540.79296875,62613.109375,-0.12892374,8072.3164
2022,6,23,013,Channel - Industrial,Americas,54622.6328125,67429.5,-0.18992974,12806.867
2022,6,24,013,Channel - Industrial,Americas,54735.046875,53200.98828125,0.028835151,1534.0586
2022,6,25,013,Channel - Industrial,Americas,54729.10546875,53200.98828125,0.028723475,1528.1172
2022,6,26,013,Channel - Industrial,Americas,54738.4296875,58801.08984375,-0.06909158,4062.6602
2022,7,27,013,Channel - Industrial,Americas,54811.6328125,50400.94140625,0.08751208,4410.6914
2022,7,28,013,Channel - Industrial,Americas,54746.23046875,61601.140625,-0.11127895,6854.91
2022,7,29,013,Channel - Industrial,Americas,54851.7109375,39093.640625,0.40308526,15758.07
2022,7,30,013,Channel - Industrial,Americas,54375.26171875,53986.44921875,0.0072020385,388.8125
2022,8,31,013,Channel - Industrial,Americas,54470.32421875,52124.8515625,0.044997204,2345.4727
2022,8,32,013,Channel - Industrial,Americas,54406.625,42816.83984375,0.27068287,11589.785
2022,8,33,013,Channel - Industrial,Americas,54146.1640625,32316.8203125,0.6754793,21829.344
2022,8,34,013,Channel - Industrial,Americas,53791.91796875,60594.0390625,-0.112257265,6802.121
2022,8,35,013,Channel - Industrial,Americas,54375.5546875,54534.640625,-0.0029171538,159.08594
2022,9,36,013,Channel - Industrial,Americas,54436.83203125,54534.640625,-0.0017935131,97.80859
2022,9,37,013,Channel - Industrial,Americas,54498.2890625,54256.62109375,0.0044541657,241.66797
2022,9,38,013,Channel - Industrial,Americas,54479.390625,51543.7890625,0.056953546,2935.6016
2022,9,39,013,Channel - Industrial,Americas,54435.3671875,51543.7890625,0.05609945,2891.5781
2022,10,40,013,Channel - Industrial,Americas,54418.64453125,51543.7890625,0.055775013,2874.8555
2022,10,41,013,Channel - Industrial,Americas,54406.44921875,59682.28125,-0.088398635,5275.832
2022,10,42,013,Channel - Industrial,Americas,54547.703125,44576.0390625,0.22370009,9971.664
2022,10,43,013,Channel - Industrial,Americas,54375.1640625,44576.0390625,0.21982943,9799.125
2022,11,44,013,Channel - Industrial,Americas,54306.11328125,48628.41015625,0.116756916,5677.703
2022,11,45,013,Channel - Industrial,Americas,54348.46484375,66864.0625,-0.18717974,12515.598
2022,11,46,013,Channel - Industrial,Americas,54659.76953125,52352.76953125,0.044066437,2307.0
2022,11,47,013,Channel - Industrial,Americas,54440.3515625,54446.87890625,-0.00011988463,6.5273438
2022,11,48,013,Channel - Industrial,Americas,54427.29296875,46070.44140625,0.18139291,8356.852
2022,12,49,013,Channel - Industrial,Americas,54215.48046875,54446.87890625,-0.0042499853,231.39844
2022,12,50,013,Channel - Industrial,Americas,54310.640625,42981.19921875,0.26359063,11329.441
2022,12,51,013,Channel - Industrial,Americas,53972.00390625,53094.421875,0.016528705,877.58203
2022,12,52,013,Channel - Industrial,Americas,54098.08984375,55622.73046875,-0.027410388,1524.6406
2022,12,53,013,Channel - Industrial,Americas,54171.56640625,50566.12109375,0.0713016,3605.4453
key,all_pred_acc,all_pred_bias,monthly_acc,monthly_bias
"('013', 'Americas', 'Channel - Industrial')",0.8908097743988037,0.03995422273874283,0.928655743598938,0.04276839643716812
2021,7,30,014,Channel - Industrial,Americas,53535.80859375,48466.7890625,0.10458748,5069.0195
2021,8,31,014,Channel - Industrial,Americas,53902.8125,43273.921875,0.24561885,10628.891
2021,8,32,014,Channel - Industrial,Americas,53987.68359375,36350.08984375,0.4852146,17637.594
2021,8,33,014,Channel - Industrial,Americas,53855.5078125,39970.328125,0.3473872,13885.18
2021,8,34,014,Channel - Industrial,Americas,53310.796875,53959.94140625,-0.012030119,649.14453
2021,8,35,014,Channel - Industrial,Americas,53386.6328125,51961.4296875,0.027428096,1425.2031
2021,9,36,014,Channel - Industrial,Americas,53346.7421875,53959.94140625,-0.011363971,613.1992
2021,9,37,014,Channel - Industrial,Americas,53372.328125,48553.83984375,0.09924011,4818.4883
2021,9,38,014,Channel - Industrial,Americas,53743.109375,50865.921875,0.05656415,2877.1875
2021,9,39,014,Channel - Industrial,Americas,53937.05859375,43929.66015625,0.22780505,10007.398
2021,10,40,014,Channel - Industrial,Americas,53872.41796875,39305.48828125,0.37060803,14566.93
2021,10,41,014,Channel - Industrial,Americas,53726.7109375,48553.83984375,0.10653887,5172.871
2021,10,42,014,Channel - Industrial,Americas,53933.62890625,47033.69921875,0.14670183,6899.9297
2021,10,43,014,Channel - Industrial,Americas,53927.20703125,45152.3515625,0.19433884,8774.855
2021,11,44,014,Channel - Industrial,Americas,53896.48046875,43271.0,0.24555662,10625.48
2021,11,45,014,Channel - Industrial,Americas,53831.546875,52677.73828125,0.021903154,1153.8086
2021,11,46,014,Channel - Industrial,Americas,54051.359375,56760.75,-0.047733523,2709.3906
2021,11,47,014,Channel - Industrial,Americas,54316.53515625,69660.921875,-0.22027253,15344.387
2021,11,48,014,Channel - Industrial,Americas,54625.5,64500.8515625,-0.1531042,9875.352
2021,12,49,014,Channel - Industrial,Americas,54695.01953125,69660.921875,-0.21483928,14965.902
2021,12,50,014,Channel - Industrial,Americas,54816.24609375,40824.37890625,0.34273314,13991.867
2021,12,51,014,Channel - Industrial,Americas,54135.57421875,50430.12109375,0.073476985,3705.4531
2021,12,52,014,Channel - Industrial,Americas,53994.9765625,50430.12109375,0.070689015,3564.8555
2022,1,1,014,Channel - Industrial,Americas,53828.91796875,48028.6796875,0.12076614,5800.2383
2022,1,2,014,Channel - Industrial,Americas,53647.578125,50430.12109375,0.063800305,3217.457
2022,1,3,014,Channel - Industrial,Americas,53584.578125,51725.87890625,0.035933644,1858.6992
2022,1,4,014,Channel - Industrial,Americas,53998.19140625,58779.41015625,-0.08134173,4781.2188
2022,2,5,014,Channel - Industrial,Americas,54266.3203125,54077.05078125,0.0034999973,189.26953
2022,2,6,014,Channel - Industrial,Americas,54315.671875,70535.2890625,-0.22995038,16219.617
2022,2,7,014,Channel - Industrial,Americas,54634.8203125,47748.75,0.14421467,6886.0703
2022,2,8,014,Channel - Industrial,Americas,54411.59375,54259.94140625,0.0027949228,151.65234
2022,2,9,014,Channel - Industrial,Americas,54478.1640625,54259.94140625,0.0040218006,218.22266
2022,3,10,014,Channel - Industrial,Americas,54489.28125,58600.73046875,-0.070160374,4111.449
2022,3,11,014,Channel - Industrial,Americas,54568.4921875,51305.9609375,0.063589714,3262.5312
2022,3,12,014,Channel - Industrial,Americas,54524.15625,54156.2890625,0.0067926957,367.8672
2022,3,13,014,Channel - Industrial,Americas,54558.71484375,54156.2890625,0.0074308226,402.42578
2022,4,14,014,Channel - Industrial,Americas,54570.09375,59856.94921875,-0.08832484,5286.8555
2022,4,15,014,Channel - Industrial,Americas,54663.375,65557.609375,-0.16617803,10894.234
2022,4,16,014,Channel - Industrial,Americas,54777.53125,47864.62109375,0.1444263,6912.91
2022,4,17,014,Channel - Industrial,Americas,54216.0546875,55044.30859375,-0.01504704,828.2539
2022,5,18,014,Channel - Industrial,Americas,54100.76953125,59830.76953125,-0.09577012,5730.0
2022,5,19,014,Channel - Industrial,Americas,54066.984375,76583.390625,-0.29401162,22516.406
2022,5,20,014,Channel - Industrial,Americas,54301.8125,42788.4609375,0.26907608,11513.352
2022,5,21,014,Channel - Industrial,Americas,54177.44921875,50938.6484375,0.06358238,3238.8008
2022,5,22,014,Channel - Industrial,Americas,54320.07421875,52976.19140625,0.025367675,1343.8828
2022,6,23,014,Channel - Industrial,Americas,54397.90625,57051.2890625,-0.046508726,2653.3828
2022,6,24,014,Channel - Industrial,Americas,54508.66796875,62493.30859375,-0.12776794,7984.6406
2022,6,25,014,Channel - Industrial,Americas,54402.3515625,62493.30859375,-0.12946917,8090.957
2022,6,26,014,Channel - Industrial,Americas,54388.62109375,69071.5625,-0.21257578,14682.941
2022,7,27,014,Channel - Industrial,Americas,54488.36328125,59204.19140625,-0.07965362,4715.828
2022,7,28,014,Channel - Industrial,Americas,54355.1484375,72360.6796875,-0.24883032,18005.531
2022,7,29,014,Channel - Industrial,Americas,54534.80859375,38231.80859375,0.42642504,16303.0
2022,7,30,014,Channel - Industrial,Americas,54360.2578125,52796.30859375,0.029622322,1563.9492
2022,8,31,014,Channel - Industrial,Americas,54560.1953125,50975.73828125,0.070316926,3584.457
2022,8,32,014,Channel - Industrial,Americas,54593.984375,41872.9296875,0.3038014,12721.055
2022,8,33,014,Channel - Industrial,Americas,54469.7890625,30357.75,0.79426306,24112.04
2022,8,34,014,Channel - Industrial,Americas,53588.07421875,56920.7890625,-0.058550045,3332.7148
2022,8,35,014,Channel - Industrial,Americas,53485.8515625,51228.7109375,0.04406007,2257.1406
2022,9,36,014,Channel - Industrial,Americas,53268.63671875,51228.7109375,0.03981997,2039.9258
2022,9,37,014,Channel - Industrial,Americas,53141.78125,56086.80078125,-0.052508246,2945.0195
2022,9,38,014,Channel - Industrial,Americas,53199.76171875,53282.4609375,-0.0015520909,82.69922
2022,9,39,014,Channel - Industrial,Americas,53170.6171875,53282.4609375,-0.0020990726,111.84375
2022,10,40,014,Channel - Industrial,Americas,53160.30078125,53282.4609375,-0.0022926899,122.16016
2022,10,41,014,Channel - Industrial,Americas,53153.1875,61695.48046875,-0.13845898,8542.293
2022,10,42,014,Channel - Industrial,Americas,53293.76171875,55091.76171875,-0.03263646,1798.0
2022,10,43,014,Channel - Industrial,Americas,52868.53515625,55091.76171875,-0.040354975,2223.2266
2022,11,44,014,Channel - Industrial,Americas,52676.2109375,60100.1015625,-0.123525426,7423.8906
2022,11,45,014,Channel - Industrial,Americas,52526.43359375,82637.640625,-0.36437643,30111.207
2022,11,46,014,Channel - Industrial,Americas,52401.09765625,44200.98828125,0.18551868,8200.109
2022,11,47,014,Channel - Industrial,Americas,52530.15234375,45969.03125,0.14272916,6561.121
2022,11,48,014,Channel - Industrial,Americas,52449.07421875,38896.87109375,0.3484137,13552.203
2022,12,49,014,Channel - Industrial,Americas,52428.09765625,45969.03125,0.14050908,6459.0664
2022,12,50,014,Channel - Industrial,Americas,52337.5703125,39402.53125,0.3282794,12935.039
2022,12,51,014,Channel - Industrial,Americas,52356.1484375,48673.7109375,0.07565557,3682.4375
2022,12,52,014,Channel - Industrial,Americas,52260.32421875,50991.51171875,0.024882818,1268.8125
2022,12,53,014,Channel - Industrial,Americas,52258.1171875,46355.921875,0.12732343,5902.1953
key,all_pred_acc,all_pred_bias,monthly_acc,monthly_bias
"('014', 'Americas', 'Channel - Industrial')",0.8683725595474243,0.0184145737439394,0.9147431254386902,0.01771847903728485
2021,7,30,014,Channel - Industrial,Asia Pacific & ANZ,22619.806640625,52222.609375,-0.566858,29602.803
2021,8,31,014,Channel - Industrial,Asia Pacific & ANZ,22298.15234375,46627.328125,-0.5217793,24329.176
2021,8,32,014,Channel - Industrial,Asia Pacific & ANZ,22200.416015625,39166.9609375,-0.43318513,16966.545
2021,8,33,014,Channel - Industrial,Asia Pacific & ANZ,22180.66015625,28940.509765625,-0.23357742,6759.8496
2021,8,34,014,Channel - Industrial,Asia Pacific & ANZ,22508.060546875,39069.69140625,-0.4238997,16561.63
2021,8,35,014,Channel - Industrial,Asia Pacific & ANZ,23165.041015625,37622.66015625,-0.38427955,14457.619
2021,9,36,014,Channel - Industrial,Asia Pacific & ANZ,23443.712890625,39069.69140625,-0.39995143,15625.979
2021,9,37,014,Channel - Industrial,Asia Pacific & ANZ,23593.591796875,20321.900390625,0.16099338,3271.6914
2021,9,38,014,Channel - Industrial,Asia Pacific & ANZ,23313.380859375,21289.609375,0.09505912,2023.7715
2021,9,39,014,Channel - Industrial,Asia Pacific & ANZ,23234.85546875,18386.48046875,0.26369238,4848.375
2021,10,40,014,Channel - Industrial,Asia Pacific & ANZ,23093.974609375,16451.060546875,0.40379852,6642.914
2021,10,41,014,Channel - Industrial,Asia Pacific & ANZ,22948.498046875,20321.900390625,0.1292496,2626.5977
2021,10,42,014,Channel - Industrial,Asia Pacific & ANZ,22936.544921875,23757.16015625,-0.034541808,820.61523
2021,10,43,014,Channel - Industrial,Asia Pacific & ANZ,23084.654296875,22806.869140625,0.01217989,277.78516
2021,11,44,014,Channel - Industrial,Asia Pacific & ANZ,23121.8125,21856.58984375,0.05788747,1265.2227
2021,11,45,014,Channel - Industrial,Asia Pacific & ANZ,23133.765625,26608.01953125,-0.13057168,3474.254
2021,11,46,014,Channel - Industrial,Asia Pacific & ANZ,23254.54296875,18901.130859375,0.23032549,4353.412
2021,11,47,014,Channel - Industrial,Asia Pacific & ANZ,23273.666015625,23196.83984375,0.0033119242,76.82617
2021,11,48,014,Channel - Industrial,Asia Pacific & ANZ,23382.666015625,21478.55078125,0.08865194,1904.1152
2021,12,49,014,Channel - Industrial,Asia Pacific & ANZ,23390.767578125,23196.83984375,0.0083600925,193.92773
2021,12,50,014,Channel - Industrial,Asia Pacific & ANZ,23439.6875,20876.23046875,0.1227931,2563.457
2021,12,51,014,Channel - Industrial,Asia Pacific & ANZ,23338.994140625,25788.2890625,-0.09497702,2449.295
2021,12,52,014,Channel - Industrial,Asia Pacific & ANZ,23409.673828125,25788.2890625,-0.09223626,2378.6152
2022,1,1,014,Channel - Industrial,Asia Pacific & ANZ,23428.654296875,24560.26953125,-0.046075035,1131.6152
2022,1,2,014,Channel - Industrial,Asia Pacific & ANZ,23418.11328125,25788.2890625,-0.091909,2370.1758
2022,1,3,014,Channel - Industrial,Asia Pacific & ANZ,23440.19921875,33441.98828125,-0.2990788,10001.789
2022,1,4,014,Channel - Industrial,Asia Pacific & ANZ,23517.171875,38002.26171875,-0.3811639,14485.09
2022,2,5,014,Channel - Industrial,Asia Pacific & ANZ,23610.69140625,34962.078125,-0.3246771,11351.387
2022,2,6,014,Channel - Industrial,Asia Pacific & ANZ,23605.984375,45602.7109375,-0.48235568,21996.727
2022,2,7,014,Channel - Industrial,Asia Pacific & ANZ,23733.908203125,33918.5,-0.30026656,10184.592
2022,2,8,014,Channel - Industrial,Asia Pacific & ANZ,23730.44140625,38543.75,-0.38432452,14813.309
2022,2,9,014,Channel - Industrial,Asia Pacific & ANZ,23786.17578125,38543.75,-0.3828785,14757.574
2022,3,10,014,Channel - Industrial,Asia Pacific & ANZ,23807.396484375,41627.25,-0.42808145,17819.854
2022,3,11,014,Channel - Industrial,Asia Pacific & ANZ,23835.333984375,26241.2890625,-0.091685854,2405.955
2022,3,12,014,Channel - Industrial,Asia Pacific & ANZ,23636.21484375,27699.140625,-0.14668058,4062.9258
2022,3,13,014,Channel - Industrial,Asia Pacific & ANZ,23589.40234375,27699.140625,-0.14837061,4109.7383
2022,4,14,014,Channel - Industrial,Asia Pacific & ANZ,23551.9765625,30614.830078125,-0.2307004,7062.8535
2022,4,15,014,Channel - Industrial,Asia Pacific & ANZ,23572.125,33530.53125,-0.2969952,9958.406
2022,4,16,014,Channel - Industrial,Asia Pacific & ANZ,23613.185546875,17913.099609375,0.31820768,5700.086
2022,4,17,014,Channel - Industrial,Asia Pacific & ANZ,23557.083984375,20600.060546875,0.1435444,2957.0234
2022,5,18,014,Channel - Industrial,Asia Pacific & ANZ,23579.54296875,22391.369140625,0.05306392,1188.1738
2022,5,19,014,Channel - Industrial,Asia Pacific & ANZ,23610.626953125,28660.9609375,-0.17620951,5050.334
2022,5,20,014,Channel - Industrial,Asia Pacific & ANZ,23685.146484375,25650.080078125,-0.07660536,1964.9336
2022,5,21,014,Channel - Industrial,Asia Pacific & ANZ,23659.22265625,30535.810546875,-0.2251975,6876.588
2022,5,22,014,Channel - Industrial,Asia Pacific & ANZ,23702.70703125,31757.25,-0.2536285,8054.543
2022,6,23,014,Channel - Industrial,Asia Pacific & ANZ,23729.5625,34200.109375,-0.30615535,10470.547
2022,6,24,014,Channel - Industrial,Asia Pacific & ANZ,23763.544921875,28518.390625,-0.16672911,4754.8457
2022,6,25,014,Channel - Industrial,Asia Pacific & ANZ,23699.51953125,28518.390625,-0.16897416,4818.871
2022,6,26,014,Channel - Industrial,Asia Pacific & ANZ,23677.458984375,31520.330078125,-0.24881944,7842.871
2022,7,27,014,Channel - Industrial,Asia Pacific & ANZ,23704.18359375,27017.4296875,-0.12263365,3313.246
2022,7,28,014,Channel - Industrial,Asia Pacific & ANZ,23651.580078125,33021.30078125,-0.2837478,9369.721
2022,7,29,014,Channel - Industrial,Asia Pacific & ANZ,23711.955078125,19612.19921875,0.2090411,4099.756
2022,7,30,014,Channel - Industrial,Asia Pacific & ANZ,23520.486328125,27083.509765625,-0.13155693,3563.0234
2022,8,31,014,Channel - Industrial,Asia Pacific & ANZ,23579.275390625,26149.599609375,-0.09829306,2570.3242
2022,8,32,014,Channel - Industrial,Asia Pacific & ANZ,23567.005859375,21480.01953125,0.09715942,2086.9863
2022,8,33,014,Channel - Industrial,Asia Pacific & ANZ,23483.36328125,21864.19921875,0.07405549,1619.1641
2022,8,34,014,Channel - Industrial,Asia Pacific & ANZ,23363.04296875,40995.37109375,-0.43010533,17632.328
2022,8,35,014,Channel - Industrial,Asia Pacific & ANZ,23607.96484375,36895.828125,-0.36014542,13287.863
2022,9,36,014,Channel - Industrial,Asia Pacific & ANZ,23620.87890625,36895.828125,-0.3597954,13274.949
2022,9,37,014,Channel - Industrial,Asia Pacific & ANZ,23642.048828125,37866.3203125,-0.37564442,14224.271
2022,9,38,014,Channel - Industrial,Asia Pacific & ANZ,23632.03515625,35973.0,-0.34306186,12340.965
2022,9,39,014,Channel - Industrial,Asia Pacific & ANZ,23608.181640625,35973.0,-0.34372497,12364.818
2022,10,40,014,Channel - Industrial,Asia Pacific & ANZ,23601.74609375,35973.0,-0.34390387,12371.254
2022,10,41,014,Channel - Industrial,Asia Pacific & ANZ,23597.673828125,41652.94921875,-0.43346933,18055.275
2022,10,42,014,Channel - Industrial,Asia Pacific & ANZ,23663.7421875,17355.140625,0.36350045,6308.6016
2022,10,43,014,Channel - Industrial,Asia Pacific & ANZ,23327.791015625,17355.140625,0.344143,5972.6504
2022,11,44,014,Channel - Industrial,Asia Pacific & ANZ,23199.826171875,18932.880859375,0.22537221,4266.9453
2022,11,45,014,Channel - Industrial,Asia Pacific & ANZ,23119.345703125,26032.720703125,-0.11191204,2913.375
2022,11,46,014,Channel - Industrial,Asia Pacific & ANZ,23211.490234375,27641.0703125,-0.16025357,4429.58
2022,11,47,014,Channel - Industrial,Asia Pacific & ANZ,23214.7265625,28746.7109375,-0.19243887,5531.9844
2022,11,48,014,Channel - Industrial,Asia Pacific & ANZ,23246.693359375,24324.140625,-0.04429539,1077.4473
2022,12,49,014,Channel - Industrial,Asia Pacific & ANZ,23181.783203125,28746.7109375,-0.19358484,5564.9277
2022,12,50,014,Channel - Industrial,Asia Pacific & ANZ,23242.60546875,14402.8095703125,0.613755,8839.796
2022,12,51,014,Channel - Industrial,Asia Pacific & ANZ,23066.25390625,17791.7109375,0.2964607,5274.543
2022,12,52,014,Channel - Industrial,Asia Pacific & ANZ,23081.404296875,18638.9296875,0.23834386,4442.4746
2022,12,53,014,Channel - Industrial,Asia Pacific & ANZ,23087.087890625,16944.48046875,0.36251375,6142.6074
key,all_pred_acc,all_pred_bias,monthly_acc,monthly_bias
"('014', 'Asia Pacific & ANZ', 'Channel - Industrial')",0.7370673418045044,-0.1809597611427307,0.7672226428985596,-0.21034690737724304
2021,7,30,014,Channel - Industrial,EMEA,95382.4296875,83759.8671875,0.13876052,11622.5625
2021,8,31,014,Channel - Industrial,EMEA,95356.6015625,74785.6015625,0.27506632,20571.0
2021,8,32,014,Channel - Industrial,EMEA,95086.9609375,62819.8984375,0.513644,32267.062
2021,8,33,014,Channel - Industrial,EMEA,94564.1640625,84345.4296875,0.121153384,10218.734
2021,8,34,014,Channel - Industrial,EMEA,94213.78125,113866.328125,-0.17259313,19652.547
2021,8,35,014,Channel - Industrial,EMEA,94746.703125,109649.0625,-0.13590959,14902.359
2021,9,36,014,Channel - Industrial,EMEA,94834.765625,113866.328125,-0.16713952,19031.562
2021,9,37,014,Channel - Industrial,EMEA,95011.21875,121678.9296875,-0.21916458,26667.71
2021,9,38,014,Channel - Industrial,EMEA,95368.3203125,127473.171875,-0.25185576,32104.852
2021,9,39,014,Channel - Industrial,EMEA,95613.921875,110090.4609375,-0.13149676,14476.539
2021,10,40,014,Channel - Industrial,EMEA,95448.984375,98501.9921875,-0.030994376,3053.0078
2021,10,41,014,Channel - Industrial,EMEA,95207.65625,121678.9296875,-0.21755019,26471.273
2021,10,42,014,Channel - Industrial,EMEA,95535.6875,111861.1171875,-0.14594375,16325.43
2021,10,43,014,Channel - Industrial,EMEA,95650.453125,107386.671875,-0.10928934,11736.219
2021,11,44,014,Channel - Industrial,EMEA,95636.5859375,102912.2265625,-0.07069753,7275.6406
2021,11,45,014,Channel - Industrial,EMEA,95571.7421875,125284.453125,-0.237162,29712.71
2021,11,46,014,Channel - Industrial,EMEA,95910.0546875,88253.2890625,0.086758986,7656.7656
2021,11,47,014,Channel - Industrial,EMEA,95604.4453125,108310.8515625,-0.11731425,12706.406
2021,11,48,014,Channel - Industrial,EMEA,95851.2421875,100287.828125,-0.04423853,4436.586
2021,12,49,014,Channel - Industrial,EMEA,95801.90625,108310.8515625,-0.11549115,12508.945
2021,12,50,014,Channel - Industrial,EMEA,95920.375,87939.46875,0.09075454,7980.9062
2021,12,51,014,Channel - Industrial,EMEA,95558.8125,108631.1171875,-0.12033665,13072.305
2021,12,52,014,Channel - Industrial,EMEA,95787.4609375,108631.1171875,-0.11823183,12843.656
2022,1,1,014,Channel - Industrial,EMEA,95838.9140625,103458.203125,-0.07364606,7619.289
2022,1,2,014,Channel - Industrial,EMEA,95788.484375,108631.1171875,-0.118222415,12842.633
2022,1,3,014,Channel - Industrial,EMEA,95858.1171875,91403.4296875,0.048736546,4454.6875
2022,1,4,014,Channel - Industrial,EMEA,95258.1875,103867.5390625,-0.0828878,8609.352
2022,2,5,014,Channel - Industrial,EMEA,95272.2265625,95558.140625,-0.002992043,285.91406
2022,2,6,014,Channel - Industrial,EMEA,95030.359375,124641.046875,-0.23756771,29610.688
2022,2,7,014,Channel - Industrial,EMEA,95472.6484375,94012.7109375,0.01552915,1459.9375
2022,2,8,014,Channel - Industrial,EMEA,94153.3359375,106832.6328125,-0.11868375,12679.297
2022,2,9,014,Channel - Industrial,EMEA,93800.0390625,106832.6328125,-0.121990755,13032.594
2022,3,10,014,Channel - Industrial,EMEA,93423.609375,115379.2421875,-0.19029102,21955.633
2022,3,11,014,Channel - Industrial,EMEA,93275.3984375,65548.421875,0.42299992,27726.977
2022,3,12,014,Channel - Industrial,EMEA,93051.7734375,69190.0,0.34487316,23861.773
2022,3,13,014,Channel - Industrial,EMEA,92990.625,69190.0,0.34398937,23800.625
2022,4,14,014,Channel - Industrial,EMEA,92918.796875,76473.1484375,0.21505128,16445.648
2022,4,15,014,Channel - Industrial,EMEA,93091.8671875,83756.3125,0.11146091,9335.555
2022,4,16,014,Channel - Industrial,EMEA,93403.4765625,89030.15625,0.049121786,4373.3203
2022,4,17,014,Channel - Industrial,EMEA,93474.8984375,102384.6875,-0.08702267,8909.789
2022,5,18,014,Channel - Industrial,EMEA,93920.1875,111287.703125,-0.15605961,17367.516
2022,5,19,014,Channel - Industrial,EMEA,94348.6328125,142448.265625,-0.33766386,48099.633
2022,5,20,014,Channel - Industrial,EMEA,95155.1484375,90128.9765625,0.055766437,5026.172
2022,5,21,014,Channel - Industrial,EMEA,94655.1953125,107296.40625,-0.11781579,12641.211
2022,5,22,014,Channel - Industrial,EMEA,94947.6875,111588.2734375,-0.14912486,16640.586
2022,6,23,014,Channel - Industrial,EMEA,95105.234375,120171.9765625,-0.20859058,25066.742
2022,6,24,014,Channel - Industrial,EMEA,95343.65625,84369.5390625,0.13007203,10974.117
2022,6,25,014,Channel - Industrial,EMEA,95119.9921875,84369.5390625,0.12742102,10750.453
2022,6,26,014,Channel - Industrial,EMEA,95050.390625,93250.546875,0.019301161,1799.8438
2022,7,27,014,Channel - Industrial,EMEA,95193.140625,79929.0390625,0.19097066,15264.102
2022,7,28,014,Channel - Industrial,EMEA,94923.1953125,97691.046875,-0.028332705,2767.8516
2022,7,29,014,Channel - Industrial,EMEA,95232.625,42857.3515625,1.2220838,52375.273
2022,7,30,014,Channel - Industrial,EMEA,93175.09375,59183.94921875,0.57433045,33991.145
2022,8,31,014,Channel - Industrial,EMEA,92286.734375,57143.12890625,0.61501014,35143.605
2022,8,32,014,Channel - Industrial,EMEA,91861.5,46939.0,0.95704,44922.5
2022,8,33,014,Channel - Industrial,EMEA,91623.25,83166.703125,0.10168188,8456.547
2022,8,34,014,Channel - Industrial,EMEA,91434.15625,155937.5625,-0.41364893,64503.406
2022,8,35,014,Channel - Industrial,EMEA,92562.296875,140343.8125,-0.34046045,47781.516
2022,9,36,014,Channel - Industrial,EMEA,93472.984375,140343.8125,-0.33397147,46870.83
2022,9,37,014,Channel - Industrial,EMEA,94272.40625,104387.28125,-0.09689758,10114.875
2022,9,38,014,Channel - Industrial,EMEA,93387.078125,99167.921875,-0.058293484,5780.8438
2022,9,39,014,Channel - Industrial,EMEA,92902.53125,99167.921875,-0.06317961,6265.3906
2022,10,40,014,Channel - Industrial,EMEA,92538.7578125,99167.921875,-0.06684787,6629.164
2022,10,41,014,Channel - Industrial,EMEA,92257.3359375,114826.0078125,-0.19654669,22568.672
2022,10,42,014,Channel - Industrial,EMEA,92168.78125,93154.0234375,-0.010576486,985.2422
2022,10,43,014,Channel - Industrial,EMEA,92456.3203125,93154.0234375,-0.00748978,697.7031
2022,11,44,014,Channel - Industrial,EMEA,92691.8203125,101622.5703125,-0.08788156,8930.75
2022,11,45,014,Channel - Industrial,EMEA,93052.2734375,139731.03125,-0.3340615,46678.758
2022,11,46,014,Channel - Industrial,EMEA,93978.265625,87297.4375,0.07652949,6680.828
2022,11,47,014,Channel - Industrial,EMEA,93440.640625,90789.34375,0.029202731,2651.2969
2022,11,48,014,Channel - Industrial,EMEA,93356.7265625,76821.75,0.21523821,16534.977
2022,12,49,014,Channel - Industrial,EMEA,92939.4765625,90789.34375,0.023682656,2150.1328
2022,12,50,014,Channel - Industrial,EMEA,92973.1171875,81591.203125,0.13949928,11381.914
2022,12,51,014,Channel - Industrial,EMEA,92243.7265625,100789.1328125,-0.084785,8545.406
2022,12,52,014,Channel - Industrial,EMEA,91967.5546875,105588.609375,-0.12900117,13621.055
2022,12,53,014,Channel - Industrial,EMEA,91785.3203125,95989.6484375,-0.043799806,4204.328
key,all_pred_acc,all_pred_bias,monthly_acc,monthly_bias
"('014', 'EMEA', 'Channel - Industrial')",0.8309810161590576,-0.04653165489435196,0.8709607124328613,-0.03462490066885948
2021,7,30,015,Channel - Industrial,Americas,28770.953125,36616.828125,-0.21426965,7845.875
2021,8,31,015,Channel - Industrial,Americas,28792.83984375,32693.599609375,-0.119312644,3900.7598
2021,8,32,015,Channel - Industrial,Americas,28799.74609375,27462.619140625,0.04868898,1337.127
2021,8,33,015,Channel - Industrial,Americas,28765.8203125,20909.48046875,0.375731,7856.34
2021,8,34,015,Channel - Industrial,Americas,28764.21484375,28227.80078125,0.019003041,536.41406
2021,8,35,015,Channel - Industrial,Americas,28858.28125,27182.330078125,0.061655905,1675.9512
2021,9,36,015,Channel - Industrial,Americas,28952.236328125,28227.80078125,0.025663903,724.43555
2021,9,37,015,Channel - Industrial,Americas,29033.58203125,31033.189453125,-0.064434476,1999.6074
2021,9,38,015,Channel - Industrial,Americas,29067.107421875,32510.9609375,-0.105928995,3443.8535
2021,9,39,015,Channel - Industrial,Americas,29092.271484375,28077.650390625,0.036136255,1014.6211
2021,10,40,015,Channel - Industrial,Americas,29058.41015625,25122.099609375,0.15668717,3936.3105
2021,10,41,015,Channel - Industrial,Americas,28995.9296875,31033.189453125,-0.06564777,2037.2598
2021,10,42,015,Channel - Industrial,Americas,29010.759765625,35988.96875,-0.19389856,6978.209
2021,10,43,015,Channel - Industrial,Americas,28970.546875,34549.41015625,-0.16147493,5578.8633
2021,11,44,015,Channel - Industrial,Americas,28908.814453125,33109.8515625,-0.1268818,4201.037
2021,11,45,015,Channel - Industrial,Americas,28851.189453125,40307.6484375,-0.28422543,11456.459
2021,11,46,015,Channel - Industrial,Americas,28840.921875,26732.73046875,0.0788618,2108.1914
2021,11,47,015,Channel - Industrial,Americas,28919.126953125,32808.3515625,-0.11854374,3889.2246
2021,11,48,015,Channel - Industrial,Americas,29076.005859375,30378.099609375,-0.04286291,1302.0938
2021,12,49,015,Channel - Industrial,Americas,29169.32421875,32808.3515625,-0.11091772,3639.0273
2021,12,50,015,Channel - Industrial,Americas,29260.7265625,25096.05078125,0.16594945,4164.676
2021,12,51,015,Channel - Industrial,Americas,29098.650390625,31001.0,-0.061364137,1902.3496
2021,12,52,015,Channel - Industrial,Americas,29033.4375,31001.0,-0.06346771,1967.5625
2022,1,1,015,Channel - Industrial,Americas,28972.359375,29524.759765625,-0.018709734,552.4004
2022,1,2,015,Channel - Industrial,Americas,28911.41015625,31001.0,-0.06740395,2089.5898
2022,1,3,015,Channel - Industrial,Americas,28875.90625,23498.859375,0.2288216,5377.047
2022,1,4,015,Channel - Industrial,Americas,28812.54296875,26703.25,0.078990124,2109.293
2022,2,5,015,Channel - Industrial,Americas,28763.03515625,24566.990234375,0.17080012,4196.045
2022,2,6,015,Channel - Industrial,Americas,28725.640625,32043.900390625,-0.103553556,3318.2598
2022,2,7,015,Channel - Industrial,Americas,28734.142578125,17441.419921875,0.64746577,11292.723
2022,2,8,015,Channel - Industrial,Americas,28709.287109375,19819.7890625,0.44851628,8889.498
2022,2,9,015,Channel - Industrial,Americas,28635.77734375,19819.7890625,0.44480738,8815.988
2022,3,10,015,Channel - Industrial,Americas,28599.498046875,21405.380859375,0.3360892,7194.117
2022,3,11,015,Channel - Industrial,Americas,28579.244140625,25028.580078125,0.14186439,3550.664
2022,3,12,015,Channel - Industrial,Americas,28555.19140625,26419.05078125,0.08085607,2136.1406
2022,3,13,015,Channel - Industrial,Americas,28536.970703125,26419.05078125,0.08016639,2117.92
2022,4,14,015,Channel - Industrial,Americas,28527.5703125,29200.009765625,-0.02302874,672.43945
2022,4,15,015,Channel - Industrial,Americas,28519.80859375,31980.9609375,-0.108225405,3461.1523
2022,4,16,015,Channel - Industrial,Americas,28535.10546875,23858.1796875,0.19603029,4676.926
2022,4,17,015,Channel - Industrial,Americas,28556.5625,27436.91015625,0.040808253,1119.6523
2022,5,18,015,Channel - Industrial,Americas,28517.3828125,29822.720703125,-0.043769915,1305.3379
2022,5,19,015,Channel - Industrial,Americas,28515.87890625,38173.08984375,-0.2529848,9657.211
2022,5,20,015,Channel - Industrial,Americas,28543.4921875,22733.16015625,0.2555884,5810.332
2022,5,21,015,Channel - Industrial,Americas,28657.443359375,27063.2890625,0.058904678,1594.1543
2022,5,22,015,Channel - Industrial,Americas,28746.263671875,28145.8203125,0.021333305,600.44336
2022,6,23,015,Channel - Industrial,Americas,28852.830078125,30310.880859375,-0.048103213,1458.0508
2022,6,24,015,Channel - Industrial,Americas,28961.96875,26565.810546875,0.090197064,2396.1582
2022,6,25,015,Channel - Industrial,Americas,28809.900390625,26565.810546875,0.08447286,2244.0898
2022,6,26,015,Channel - Industrial,Americas,28690.884765625,29362.2109375,-0.022863612,671.3262
2022,7,27,015,Channel - Industrial,Americas,28598.822265625,25167.609375,0.13633448,3431.213
2022,7,28,015,Channel - Industrial,Americas,28546.416015625,30760.419921875,-0.07197574,2214.004
2022,7,29,015,Channel - Industrial,Americas,28461.560546875,17344.9609375,0.64091235,11116.6
2022,7,30,015,Channel - Industrial,Americas,28502.0546875,23952.560546875,0.1899377,4549.494
2022,8,31,015,Channel - Industrial,Americas,28449.734375,23126.609375,0.23017317,5323.125
2022,8,32,015,Channel - Industrial,Americas,28482.021484375,18996.859375,0.49930158,9485.162
2022,8,33,015,Channel - Industrial,Americas,28498.15625,16629.98046875,0.71366143,11868.176
2022,8,34,015,Channel - Industrial,Americas,28477.953125,31181.2109375,-0.08669509,2703.2578
2022,8,35,015,Channel - Industrial,Americas,28474.896484375,28063.08984375,0.014674316,411.80664
2022,9,36,015,Channel - Industrial,Americas,28578.802734375,28063.08984375,0.018376911,515.7129
2022,9,37,015,Channel - Industrial,Americas,28641.978515625,25623.7109375,0.11779198,3018.2676
2022,9,38,015,Channel - Industrial,Americas,28694.27734375,24342.51953125,0.17877187,4351.758
2022,9,39,015,Channel - Industrial,Americas,28723.169921875,24342.51953125,0.17995879,4380.6504
2022,10,40,015,Channel - Industrial,Americas,28738.0546875,24342.51953125,0.18057026,4395.535
2022,10,41,015,Channel - Industrial,Americas,28749.44921875,28186.080078125,0.019987496,563.36914
2022,10,42,015,Channel - Industrial,Americas,28793.791015625,24373.830078125,0.18134044,4419.961
2022,10,43,015,Channel - Industrial,Americas,28726.869140625,24373.830078125,0.17859478,4353.039
2022,11,44,015,Channel - Industrial,Americas,28653.55859375,26589.630859375,0.07762153,2063.9277
2022,11,45,015,Channel - Industrial,Americas,28600.337890625,36560.73828125,-0.21773085,7960.4004
2022,11,46,015,Channel - Industrial,Americas,28594.20703125,26761.029296875,0.06850176,1833.1777
2022,11,47,015,Channel - Industrial,Americas,28611.9296875,27831.470703125,0.028042318,780.459
2022,11,48,015,Channel - Industrial,Americas,28582.87109375,23549.69921875,0.21372552,5033.172
2022,12,49,015,Channel - Industrial,Americas,28563.724609375,27831.470703125,0.026310284,732.2539
2022,12,50,015,Channel - Industrial,Americas,28520.154296875,21073.5390625,0.3533633,7446.615
2022,12,51,015,Channel - Industrial,Americas,28551.7734375,26032.01953125,0.096794404,2519.754
2022,12,52,015,Channel - Industrial,Americas,28610.228515625,27271.640625,0.049083512,1338.5879
2022,12,53,015,Channel - Industrial,Americas,28710.12890625,24792.400390625,0.15802135,3917.7285
key,all_pred_acc,all_pred_bias,monthly_acc,monthly_bias
"('015', 'Americas', 'Channel - Industrial')",0.8601742386817932,0.04754023998975754,0.9029672145843506,0.03352053835988045
2021,7,30,015,Channel - Industrial,EMEA,70063.9921875,58208.26953125,0.20367764,11855.723
2021,8,31,015,Channel - Industrial,EMEA,69821.21875,51971.671875,0.34344763,17849.547
2021,8,32,015,Channel - Industrial,EMEA,69463.1875,43656.19921875,0.59114146,25806.988
2021,8,33,015,Channel - Industrial,EMEA,69199.1328125,54223.3984375,0.27618584,14975.734
2021,8,34,015,Channel - Industrial,EMEA,69265.8125,73201.59375,-0.053766333,3935.7812
2021,8,35,015,Channel - Industrial,EMEA,70219.25,70490.421875,-0.0038469322,271.17188
2021,9,36,015,Channel - Industrial,EMEA,70522.4765625,73201.59375,-0.036599163,2679.1172
2021,9,37,015,Channel - Industrial,EMEA,70845.1875,85283.6015625,-0.16929883,14438.414
2021,9,38,015,Channel - Industrial,EMEA,70822.3515625,89344.7265625,-0.20731358,18522.375
2021,9,39,015,Channel - Industrial,EMEA,70898.796875,77161.359375,-0.0811619,6262.5625
2021,10,40,015,Channel - Industrial,EMEA,70612.96875,69039.109375,0.022796635,1573.8594
2021,10,41,015,Channel - Industrial,EMEA,70248.046875,85283.6015625,-0.17630066,15035.555
2021,10,42,015,Channel - Industrial,EMEA,70505.5,87559.578125,-0.19477113,17054.078
2021,10,43,015,Channel - Industrial,EMEA,70476.765625,84057.1875,-0.1615617,13580.422
2021,11,44,015,Channel - Industrial,EMEA,70381.625,80554.8125,-0.12628901,10173.1875
2021,11,45,015,Channel - Industrial,EMEA,70257.125,98066.7265625,-0.28357837,27809.602
2021,11,46,015,Channel - Industrial,EMEA,70505.140625,62621.0703125,0.12590124,7884.0703
2021,11,47,015,Channel - Industrial,EMEA,70183.7109375,76853.1328125,-0.08678139,6669.422
2021,11,48,015,Channel - Industrial,EMEA,70649.234375,71160.3125,-0.007182067,511.07812
2021,12,49,015,Channel - Industrial,EMEA,70629.8125,76853.1328125,-0.08097679,6223.3203
2021,12,50,015,Channel - Industrial,EMEA,70847.015625,61972.421875,0.1432023,8874.594
2021,12,51,015,Channel - Industrial,EMEA,70236.6171875,76554.15625,-0.08252379,6317.539
2021,12,52,015,Channel - Industrial,EMEA,70470.0546875,76554.15625,-0.07947448,6084.1016
2022,1,1,015,Channel - Industrial,EMEA,70453.578125,72908.7265625,-0.033674274,2455.1484
2022,1,2,015,Channel - Industrial,EMEA,70332.578125,76554.15625,-0.081270285,6221.578
2022,1,3,015,Channel - Industrial,EMEA,70400.1171875,74772.3125,-0.058473453,4372.1953
2022,1,4,015,Channel - Industrial,EMEA,70401.046875,84968.5390625,-0.17144571,14567.492
2022,2,5,015,Channel - Industrial,EMEA,70698.7578125,78171.046875,-0.09558896,7472.289
2022,2,6,015,Channel - Industrial,EMEA,70658.0234375,101962.25,-0.3070178,31304.227
2022,2,7,015,Channel - Industrial,EMEA,71184.2890625,60923.1484375,0.16842762,10261.141
2022,2,8,015,Channel - Industrial,EMEA,70679.3203125,69230.8515625,0.020922301,1448.4688
2022,2,9,015,Channel - Industrial,EMEA,70876.609375,69230.8515625,0.02377203,1645.7578
2022,3,10,015,Channel - Industrial,EMEA,70891.703125,74769.3203125,-0.051861074,3877.6172
2022,3,11,015,Channel - Industrial,EMEA,71071.8203125,59026.87109375,0.20405875,12044.949
2022,3,12,015,Channel - Industrial,EMEA,70311.7421875,62306.140625,0.12848817,8005.6016
2022,3,13,015,Channel - Industrial,EMEA,70078.90625,62306.140625,0.124751195,7772.7656
2022,4,14,015,Channel - Industrial,EMEA,69870.40625,68864.6796875,0.014604389,1005.72656
2022,4,15,015,Channel - Industrial,EMEA,69943.5859375,75423.21875,-0.0726518,5479.633
2022,4,16,015,Channel - Industrial,EMEA,70135.015625,65887.5390625,0.06446555,4247.4766
2022,4,17,015,Channel - Industrial,EMEA,69756.734375,75770.671875,-0.07937025,6013.9375
2022,5,18,015,Channel - Industrial,EMEA,69897.8671875,82359.4296875,-0.15130705,12461.5625
2022,5,19,015,Channel - Industrial,EMEA,70052.2578125,105420.0703125,-0.3354941,35367.812
2022,5,20,015,Channel - Industrial,EMEA,70462.2890625,61774.76171875,0.1406323,8687.527
2022,5,21,015,Channel - Industrial,EMEA,70068.515625,73541.3828125,-0.047223307,3472.8672
2022,5,22,015,Channel - Industrial,EMEA,70414.6796875,76483.03125,-0.079342455,6068.3516
2022,6,23,015,Channel - Industrial,EMEA,70604.2578125,82366.34375,-0.14280209,11762.086
2022,6,24,015,Channel - Industrial,EMEA,70870.4921875,73728.921875,-0.03876945,2858.4297
2022,6,25,015,Channel - Industrial,EMEA,70499.765625,73728.921875,-0.043797687,3229.1562
2022,6,26,015,Channel - Industrial,EMEA,70341.484375,81489.859375,-0.1368069,11148.375
2022,7,27,015,Channel - Industrial,EMEA,70427.625,69848.453125,0.008291835,579.1719
2022,7,28,015,Channel - Industrial,EMEA,70066.640625,85370.328125,-0.17926237,15303.6875
2022,7,29,015,Channel - Industrial,EMEA,70343.875,38062.87890625,0.84809655,32280.996
2022,7,30,015,Channel - Industrial,EMEA,69407.9140625,52563.03125,0.32047015,16844.883
2022,8,31,015,Channel - Industrial,EMEA,69721.78125,50750.51171875,0.37381434,18971.27
2022,8,32,015,Channel - Industrial,EMEA,69700.359375,41687.921875,0.6719557,28012.438
2022,8,33,015,Channel - Industrial,EMEA,69418.0,66203.7890625,0.048550256,3214.211
2022,8,34,015,Channel - Industrial,EMEA,69171.09375,124132.109375,-0.4427623,54961.016
2022,8,35,015,Channel - Industrial,EMEA,69169.984375,111718.890625,-0.38085687,42548.906
2022,9,36,015,Channel - Industrial,EMEA,68916.671875,111718.890625,-0.38312426,42802.22
2022,9,37,015,Channel - Industrial,EMEA,68689.2421875,95774.796875,-0.2828046,27085.555
2022,9,38,015,Channel - Industrial,EMEA,69280.3203125,90986.0625,-0.23856118,21705.742
2022,9,39,015,Channel - Industrial,EMEA,70126.1953125,90986.0625,-0.22926442,20859.867
2022,10,40,015,Channel - Industrial,EMEA,70704.1015625,90986.0625,-0.22291283,20281.96
2022,10,41,015,Channel - Industrial,EMEA,71068.28125,105352.28125,-0.32542247,34284.0
2022,10,42,015,Channel - Industrial,EMEA,71507.328125,74312.9375,-0.037753984,2805.6094
2022,10,43,015,Channel - Industrial,EMEA,71309.0703125,74312.9375,-0.040421862,3003.8672
2022,11,44,015,Channel - Industrial,EMEA,71287.6640625,81068.65625,-0.12065072,9780.992
2022,11,45,015,Channel - Industrial,EMEA,71419.1640625,111469.40625,-0.35929358,40050.242
2022,11,46,015,Channel - Industrial,EMEA,71888.6015625,68835.359375,0.044355724,3053.2422
2022,11,47,015,Channel - Industrial,EMEA,71163.6484375,71588.7734375,-0.0059384312,425.125
2022,11,48,015,Channel - Industrial,EMEA,70959.296875,60575.12109375,0.17142642,10384.176
2022,12,49,015,Channel - Industrial,EMEA,70397.1484375,71588.7734375,-0.016645417,1191.625
2022,12,50,015,Channel - Industrial,EMEA,70450.4609375,59875.01953125,0.17662527,10575.441
2022,12,51,015,Channel - Industrial,EMEA,70019.65625,73963.2578125,-0.053318385,3943.6016
2022,12,52,015,Channel - Industrial,EMEA,70346.0234375,77485.3203125,-0.09213741,7139.297
2022,12,53,015,Channel - Industrial,EMEA,70514.6640625,70441.203125,0.0010428688,73.46094
key,all_pred_acc,all_pred_bias,monthly_acc,monthly_bias
"('015', 'EMEA', 'Channel - Industrial')",0.8365417718887329,-0.07025732100009918,0.8692433834075928,-0.06500609219074249
2021,7,30,096,Channel - Industrial,Americas,51766.70703125,51763.8203125,5.5767112e-05,2.8867188
2021,8,31,096,Channel - Industrial,Americas,52114.8515625,46217.69921875,0.12759511,5897.1523
2021,8,32,096,Channel - Industrial,Americas,52073.171875,38822.87109375,0.3413014,13250.301
2021,8,33,096,Channel - Industrial,Americas,51755.8125,25572.830078125,1.0238594,26182.982
2021,8,34,096,Channel - Industrial,Americas,51213.0625,34523.3203125,0.48343387,16689.742
2021,8,35,096,Channel - Industrial,Americas,51149.13671875,33244.6796875,0.5385661,17904.457
2021,9,36,096,Channel - Industrial,Americas,51047.58984375,34523.3203125,0.4786408,16524.27
2021,9,37,096,Channel - Industrial,Americas,51018.1953125,53614.73046875,-0.04842951,2596.5352
2021,9,38,096,Channel - Industrial,Americas,51815.11328125,56167.80859375,-0.07749448,4352.6953
2021,9,39,096,Channel - Industrial,Americas,52214.546875,48508.55859375,0.07639865,3705.9883
2021,10,40,096,Channel - Industrial,Americas,52175.35546875,43402.3984375,0.20213069,8772.957
2021,10,41,096,Channel - Industrial,Americas,52006.58203125,53614.73046875,-0.029994527,1608.1484
2021,10,42,096,Channel - Industrial,Americas,52384.3359375,69262.2578125,-0.24368137,16877.922
2021,10,43,096,Channel - Industrial,Americas,52562.65234375,66491.7734375,-0.20948638,13929.121
2021,11,44,096,Channel - Industrial,Americas,52596.51953125,63721.28125,-0.17458472,11124.762
2021,11,45,096,Channel - Industrial,Americas,52573.05078125,77573.7265625,-0.32228276,25000.676
2021,11,46,096,Channel - Industrial,Americas,52853.8046875,40731.55078125,0.29761335,12122.254
2021,11,47,096,Channel - Industrial,Americas,52510.9609375,49988.71875,0.05045623,2522.2422
2021,11,48,096,Channel - Industrial,Americas,52773.37109375,46285.8515625,0.14016205,6487.5195
2021,12,49,096,Channel - Industrial,Americas,52708.78125,49988.71875,0.054413527,2720.0625
2021,12,50,096,Channel - Industrial,Americas,52816.78125,45082.8984375,0.17154804,7733.883
2021,12,51,096,Channel - Industrial,Americas,52450.9296875,55690.640625,-0.058173347,3239.711
2021,12,52,096,Channel - Industrial,Americas,52680.82421875,55690.640625,-0.054045282,3009.8164
2022,1,1,096,Channel - Industrial,Americas,52718.90625,53038.69921875,-0.006029427,319.79297
2022,1,2,096,Channel - Industrial,Americas,52668.1640625,55690.640625,-0.054272614,3022.4766
2022,1,3,096,Channel - Industrial,Americas,52733.125,54905.4609375,-0.039565027,2172.336
2022,1,4,096,Channel - Industrial,Americas,52209.30859375,62392.5703125,-0.16321273,10183.262
2022,2,5,096,Channel - Industrial,Americas,52167.234375,57401.171875,-0.09118172,5233.9375
2022,2,6,096,Channel - Industrial,Americas,51885.2578125,74871.09375,-0.30700547,22985.836
2022,2,7,096,Channel - Industrial,Americas,52124.5078125,50324.53125,0.03576738,1799.9766
2022,2,8,096,Channel - Industrial,Americas,51495.53515625,57186.96875,-0.09952326,5691.4336
2022,2,9,096,Channel - Industrial,Americas,51400.40234375,57186.96875,-0.1011868,5786.5664
2022,3,10,096,Channel - Industrial,Americas,51257.55859375,61761.9296875,-0.17007841,10504.371
2022,3,11,096,Channel - Industrial,Americas,51233.66796875,40592.51171875,0.2621458,10641.156
2022,3,12,096,Channel - Industrial,Americas,50967.81640625,42847.6484375,0.18951257,8120.168
2022,3,13,096,Channel - Industrial,Americas,50922.03515625,42847.6484375,0.18844411,8074.3867
2022,4,14,096,Channel - Industrial,Americas,50884.58203125,47357.9296875,0.07446805,3526.6523
2022,4,15,096,Channel - Industrial,Americas,50977.546875,51868.2109375,-0.017171675,890.66406
2022,4,16,096,Channel - Industrial,Americas,51162.1640625,46034.23828125,0.111393735,5127.926
2022,4,17,096,Channel - Industrial,Americas,51299.28125,52939.37890625,-0.030980675,1640.0977
2022,5,18,096,Channel - Industrial,Americas,51734.46484375,57542.80078125,-0.1009394,5808.336
2022,5,19,096,Channel - Industrial,Americas,52116.90625,73654.7890625,-0.2924166,21537.883
2022,5,20,096,Channel - Industrial,Americas,52706.36328125,46680.23828125,0.1290937,6026.125
2022,5,21,096,Channel - Industrial,Americas,52325.1640625,55571.7109375,-0.058420856,3246.5469
2022,5,22,096,Channel - Industrial,Americas,52550.26171875,57794.578125,-0.09074063,5244.3164
2022,6,23,096,Channel - Industrial,Americas,52657.5703125,62240.3203125,-0.1539637,9582.75
2022,6,24,096,Channel - Industrial,Americas,52820.625,58907.6796875,-0.10333211,6087.0547
2022,6,25,096,Channel - Industrial,Americas,52525.19921875,58907.6796875,-0.10834717,6382.4805
2022,6,26,096,Channel - Industrial,Americas,52399.78125,65108.48828125,-0.19519278,12708.707
2022,7,27,096,Channel - Industrial,Americas,52463.96875,55807.28125,-0.059908178,3343.3125
2022,7,28,096,Channel - Industrial,Americas,52186.44921875,68208.8984375,-0.23490262,16022.449
2022,7,29,096,Channel - Industrial,Americas,52411.80859375,51551.1796875,0.01669465,860.6289
2022,7,30,096,Channel - Industrial,Americas,51765.61328125,71189.7265625,-0.27284995,19424.113
2022,8,31,096,Channel - Industrial,Americas,51970.66796875,68734.90625,-0.243897,16764.238
2022,8,32,096,Channel - Industrial,Americas,51839.3359375,56460.8203125,-0.08185294,4621.4844
2022,8,33,096,Channel - Industrial,Americas,51507.15625,43171.171875,0.19309145,8335.984
2022,8,34,096,Channel - Industrial,Americas,51278.109375,80945.9375,-0.36651412,29667.828
2022,8,35,096,Channel - Industrial,Americas,52101.9609375,72851.34375,-0.2848181,20749.383
2022,9,36,096,Channel - Industrial,Americas,52372.94140625,72851.34375,-0.28109848,20478.402
2022,9,37,096,Channel - Industrial,Americas,52614.94921875,62018.01953125,-0.15161836,9403.07
2022,9,38,096,Channel - Industrial,Americas,52425.8359375,58917.12109375,-0.11017655,6491.285
2022,9,39,096,Channel - Industrial,Americas,52269.09375,58917.12109375,-0.112836935,6648.0273
2022,10,40,096,Channel - Industrial,Americas,52159.53515625,58917.12109375,-0.11469647,6757.586
2022,10,41,096,Channel - Industrial,Americas,52064.8515625,68219.8203125,-0.23680755,16154.969
2022,10,42,096,Channel - Industrial,Americas,52227.3125,42703.890625,0.22301064,9523.422
2022,10,43,096,Channel - Industrial,Americas,52096.5703125,42703.890625,0.21994904,9392.68
2022,11,44,096,Channel - Industrial,Americas,52125.484375,46586.05859375,0.11890737,5539.426
2022,11,45,096,Channel - Industrial,Americas,52310.5,64055.83984375,-0.18336095,11745.34
2022,11,46,096,Channel - Industrial,Americas,52867.71484375,54919.6796875,-0.037363015,2051.9648
2022,11,47,096,Channel - Industrial,Americas,52847.83203125,57116.4609375,-0.07473553,4268.629
2022,11,48,096,Channel - Industrial,Americas,52940.4921875,48329.3203125,0.09541148,4611.172
2022,12,49,096,Channel - Industrial,Americas,52753.32421875,57116.4609375,-0.07639018,4363.1367
2022,12,50,096,Channel - Industrial,Americas,52936.546875,39049.328125,0.35563272,13887.219
2022,12,51,096,Channel - Industrial,Americas,52144.1171875,48237.3984375,0.08098941,3906.7188
2022,12,52,096,Channel - Industrial,Americas,52141.76953125,50534.421875,0.031806987,1607.3477
2022,12,53,096,Channel - Industrial,Americas,52109.26953125,45940.37890625,0.13428035,6168.8906
key,all_pred_acc,all_pred_bias,monthly_acc,monthly_bias
"('096', 'Americas', 'Channel - Industrial')",0.8384902477264404,-0.041638150811195374,0.8826465606689453,-0.047660671174526215
